{
  "project_info": {
    "project_number": "126258611698",
    "firebase_url": "https://snitchsms-3e509-default-rtdb.firebaseio.com",
    "project_id": "snitchsms-3e509",
    "storage_bucket": "snitchsms-3e509.appspot.com"
  },
  "client": [
    {
      "client_info": {
        "mobilesdk_app_id": "1:126258611698:android:94d4d1d925938b88ad576b",
        "android_client_info": {
          "package_name": "com.example.snitchsms"
        }
      },
      "oauth_client": [],
      "api_key": [
        {
          "current_key": "AIzaSyBr75M4Q-jQZkAkGJSU-6VEVscwS24vqB8"
        }
      ],
      "services": {
        "appinvite_service": {
          "other_platform_oauth_client": []
        }
      }
    }
  ],
  "configuration_version": "1"
}